{"cameraMode":{"drawMode":0,"name":"Shaded","section":"Shading Mode"},"sceneLighting":false,"audioPlay":false,"sceneViewState":{"m_AlwaysRefresh":false,"showFog":true,"showSkybox":false,"showFlares":true,"showImageEffects":true,"showParticleSystems":true,"showVisualEffectGraphs":true,"m_FxEnabled":true},"in2DMode":false,"pivot":{"x":12.537132263183594,"y":0.8810468316078186,"z":-0.0071340203285217289},"rotation":{"x":0.04916996508836746,"y":-0.02037801779806614,"z":0.0010034121805801988,"w":0.9985824227333069},"size":1.311751127243042,"orthographic":true}