{"cameraMode":{"drawMode":0,"name":"Shaded","section":"Shading Mode"},"sceneLighting":true,"audioPlay":false,"sceneViewState":{"m_AlwaysRefresh":false,"showFog":true,"showSkybox":true,"showFlares":true,"showImageEffects":true,"showParticleSystems":true,"showVisualEffectGraphs":true,"m_FxEnabled":true},"in2DMode":false,"pivot":{"x":-1.0949558019638062,"y":1.1500020027160645,"z":-5.832561492919922},"rotation":{"x":-0.005035900976508856,"y":0.9934906363487244,"z":-0.10290329903364182,"w":-0.0486193485558033},"size":6.910557746887207,"orthographic":false}