{"cameraMode":{"drawMode":0,"name":"Shaded","section":"Shading Mode"},"sceneLighting":false,"audioPlay":false,"sceneViewState":{"m_AlwaysRefresh":false,"showFog":true,"showSkybox":false,"showFlares":true,"showImageEffects":true,"showParticleSystems":true,"showVisualEffectGraphs":true,"m_FxEnabled":true},"in2DMode":false,"pivot":{"x":-2.00872802734375,"y":0.7257814407348633,"z":-0.45897746086120608},"rotation":{"x":0.11915561556816101,"y":-0.40319129824638369,"z":0.053040314465761188,"w":0.9057745933532715},"size":1.7114169597625733,"orthographic":true}