{"cameraMode":{"drawMode":0,"name":"Shaded","section":"Shading Mode"},"sceneLighting":true,"audioPlay":false,"sceneViewState":{"m_AlwaysRefresh":false,"showFog":true,"showSkybox":true,"showFlares":true,"showImageEffects":true,"showParticleSystems":true,"showVisualEffectGraphs":true,"m_FxEnabled":true},"in2DMode":false,"pivot":{"x":3.863900661468506,"y":3.5443854331970217,"z":-10.007640838623047},"rotation":{"x":-0.001809613429941237,"y":-0.000302222091704607,"z":4.418442642872833e-7,"w":-1.0000025033950806},"size":1.0531548261642457,"orthographic":false}