{"cameraMode":{"drawMode":0,"name":"Shaded","section":"Shading Mode"},"sceneLighting":true,"audioPlay":false,"sceneViewState":{"m_AlwaysRefresh":false,"showFog":true,"showSkybox":true,"showFlares":true,"showImageEffects":true,"showParticleSystems":true,"showVisualEffectGraphs":true,"m_FxEnabled":true},"in2DMode":false,"pivot":{"x":-0.7583047151565552,"y":6.210481643676758,"z":13.675167083740235},"rotation":{"x":0.049398865550756457,"y":-0.5885239839553833,"z":0.036062709987163547,"w":0.8061631321907044},"size":26.639955520629884,"orthographic":false}