{"cameraMode":{"drawMode":0,"name":"Shaded","section":"Shading Mode"},"sceneLighting":true,"audioPlay":false,"sceneViewState":{"m_AlwaysRefresh":false,"showFog":true,"showSkybox":true,"showFlares":true,"showImageEffects":true,"showParticleSystems":true,"showVisualEffectGraphs":true,"m_FxEnabled":true},"in2DMode":false,"pivot":{"x":-11.601520538330079,"y":10.917463302612305,"z":31.533538818359376},"rotation":{"x":0.1687026470899582,"y":-0.6874632835388184,"z":0.16910859942436219,"w":0.6858140826225281},"size":22.45867919921875,"orthographic":false}