{"cameraMode":{"drawMode":0,"name":"Shaded","section":"Shading Mode"},"sceneLighting":true,"audioPlay":false,"sceneViewState":{"m_AlwaysRefresh":false,"showFog":true,"showSkybox":true,"showFlares":true,"showImageEffects":true,"showParticleSystems":true,"showVisualEffectGraphs":true,"m_FxEnabled":true},"in2DMode":false,"pivot":{"x":11.029213905334473,"y":14.448633193969727,"z":6.4889020919799809},"rotation":{"x":0.061494890600442889,"y":-0.7131791710853577,"z":0.06306471675634384,"w":0.6954266428947449},"size":7.09174919128418,"orthographic":false}