{"cameraMode":{"drawMode":0,"name":"Shaded","section":"Shading Mode"},"sceneLighting":false,"audioPlay":false,"sceneViewState":{"m_AlwaysRefresh":false,"showFog":true,"showSkybox":false,"showFlares":true,"showImageEffects":true,"showParticleSystems":true,"showVisualEffectGraphs":true,"m_FxEnabled":true},"in2DMode":false,"pivot":{"x":-0.9192863702774048,"y":13.081708908081055,"z":-0.2331962138414383},"rotation":{"x":0.06187743321061134,"y":0.9354957342147827,"z":-0.2795707583427429,"w":0.2070446014404297},"size":0.8708494305610657,"orthographic":false}