{"cameraMode":{"drawMode":0,"name":"Shaded","section":"Shading Mode"},"sceneLighting":false,"audioPlay":false,"sceneViewState":{"m_AlwaysRefresh":false,"showFog":true,"showSkybox":false,"showFlares":true,"showImageEffects":true,"showParticleSystems":true,"showVisualEffectGraphs":true,"m_FxEnabled":true},"in2DMode":false,"pivot":{"x":0.02539825439453125,"y":2.1170880794525148,"z":-0.5348358154296875},"rotation":{"x":-0.18875287473201753,"y":0.17975929379463197,"z":-0.03517013043165207,"w":-0.9647965431213379},"size":11.122206687927246,"orthographic":false}