{"cameraMode":{"drawMode":0,"name":"Shaded","section":"Shading Mode"},"sceneLighting":true,"audioPlay":false,"sceneViewState":{"m_AlwaysRefresh":false,"showFog":true,"showSkybox":true,"showFlares":true,"showImageEffects":true,"showParticleSystems":true,"showVisualEffectGraphs":true,"m_FxEnabled":true},"in2DMode":false,"pivot":{"x":26.137561798095704,"y":6.637997150421143,"z":12.033360481262207},"rotation":{"x":0.0011978589463979006,"y":0.06116203963756561,"z":-0.00007335701957345009,"w":0.9981277585029602},"size":14.140789985656739,"orthographic":true}