{"cameraMode":{"drawMode":0,"name":"Shaded","section":"Shading Mode"},"sceneLighting":true,"audioPlay":false,"sceneViewState":{"m_AlwaysRefresh":false,"showFog":true,"showSkybox":true,"showFlares":true,"showImageEffects":true,"showParticleSystems":true,"showVisualEffectGraphs":true,"m_FxEnabled":true},"in2DMode":false,"pivot":{"x":20.026752471923829,"y":14.29267406463623,"z":-19.291820526123048},"rotation":{"x":0.11915561556816101,"y":-0.40319129824638369,"z":0.053040314465761188,"w":0.9057745933532715},"size":9.30884838104248,"orthographic":true}