{"cameraMode":{"drawMode":0,"name":"Shaded","section":"Shading Mode"},"sceneLighting":true,"audioPlay":false,"sceneViewState":{"m_AlwaysRefresh":false,"showFog":true,"showSkybox":true,"showFlares":true,"showImageEffects":true,"showParticleSystems":true,"showVisualEffectGraphs":true,"m_FxEnabled":true},"in2DMode":false,"pivot":{"x":18.11251449584961,"y":10.267180442810059,"z":-1.267987847328186},"rotation":{"x":0.03101402521133423,"y":-0.45296844840049746,"z":0.015769680961966516,"w":0.8908473253250122},"size":11.61993408203125,"orthographic":true}